{
  "project_info": {
    "project_number": "818896492589",
    "project_id": "my-application-3aa1f",
    "storage_bucket": "my-application-3aa1f.appspot.com"
  },
  "client": [
    {
      "client_info": {
        "mobilesdk_app_id": "1:818896492589:android:f032ec07736098f9c380a4",
        "android_client_info": {
          "package_name": "com.example.myapplication"
        }
      },
      "oauth_client": [
        {
          "client_id": "818896492589-p7t14i0e20nhahnv6f3u8vmobgsregvf.apps.googleusercontent.com",
          "client_type": 3
        }
      ],
      "api_key": [
        {
          "current_key": "AIzaSyBUACeV2hKKAysytvzIjXN6idp8kAdPYe4"
        }
      ],
      "services": {
        "appinvite_service": {
          "other_platform_oauth_client": [
            {
              "client_id": "818896492589-p7t14i0e20nhahnv6f3u8vmobgsregvf.apps.googleusercontent.com",
              "client_type": 3
            }
          ]
        }
      }
    }
  ],
  "configuration_version": "1"
}